name,sku,category,price_default_text,price_default,price_status,variants_json,description,image_count,product_url,source_site,last_checked,raw_text
Almond salt cookies,8938516386290,,"60,000₫",60000,available,"[{""variant_name"": ""130g"", ""variant_price_text"": ""60,000₫"", ""variant_price"": 60000}]",,13,https://nguyenson.vn/products/almond-salt-cookies,Nguyễn Sơn Bakery,2026-04-23 09:49:36,"Tên sản phẩm: Almond salt cookies | SKU: 8938516386290 | Giá mặc định: 60,000₫ | Biến thể: 130g - 60,000₫ | Số lượng ảnh: 13 | Nguồn: https://nguyenson.vn/products/almond-salt-cookies"
Almond Tuile cookies,8938516386269,,"60,000₫",60000,available,"[{""variant_name"": ""100g"", ""variant_price_text"": ""60,000₫"", ""variant_price"": 60000}]",,13,https://nguyenson.vn/products/almond-tuile-cookies,Nguyễn Sơn Bakery,2026-04-23 09:49:38,"Tên sản phẩm: Almond Tuile cookies | SKU: 8938516386269 | Giá mặc định: 60,000₫ | Biến thể: 100g - 60,000₫ | Số lượng ảnh: 13 | Nguồn: https://nguyenson.vn/products/almond-tuile-cookies"
Banana Cheese Cake,116195,,"40,000₫",40000,available,"[{""variant_name"": ""110g"", ""variant_price_text"": ""40,000₫"", ""variant_price"": 40000}]",,12,https://nguyenson.vn/products/banana-cheese-cake,Nguyễn Sơn Bakery,2026-04-23 09:49:40,"Tên sản phẩm: Banana Cheese Cake | SKU: 116195 | Giá mặc định: 40,000₫ | Biến thể: 110g - 40,000₫ | Số lượng ảnh: 12 | Nguồn: https://nguyenson.vn/products/banana-cheese-cake"
Bánh bao chay cốm,,,Liên hệ,,contact_required,[],,9,https://nguyenson.vn/products/banh-bao-chay-com,Nguyễn Sơn Bakery,2026-04-23 09:49:42,Tên sản phẩm: Bánh bao chay cốm | Giá: Liên hệ | Số lượng ảnh: 9 | Nguồn: https://nguyenson.vn/products/banh-bao-chay-com
Bánh Bao Khoai Môn,,,Liên hệ,,contact_required,[],,9,https://nguyenson.vn/products/banh-bao-chay-khoai-mon,Nguyễn Sơn Bakery,2026-04-23 09:49:44,Tên sản phẩm: Bánh Bao Khoai Môn | Giá: Liên hệ | Số lượng ảnh: 9 | Nguồn: https://nguyenson.vn/products/banh-bao-chay-khoai-mon
Bánh bao chay trắng,,,Liên hệ,,contact_required,[],,9,https://nguyenson.vn/products/banh-bao-chay-trang,Nguyễn Sơn Bakery,2026-04-23 09:49:45,Tên sản phẩm: Bánh bao chay trắng | Giá: Liên hệ | Số lượng ảnh: 9 | Nguồn: https://nguyenson.vn/products/banh-bao-chay-trang
Bánh Bao Đậu Xanh,,,Liên hệ,,contact_required,[],,9,https://nguyenson.vn/products/banh-bao-dau-xanh-2,Nguyễn Sơn Bakery,2026-04-23 09:49:47,Tên sản phẩm: Bánh Bao Đậu Xanh | Giá: Liên hệ | Số lượng ảnh: 9 | Nguồn: https://nguyenson.vn/products/banh-bao-dau-xanh-2
Bánh Bao Thập Cẩm Trứng Cút,,,Liên hệ,,contact_required,[],,9,https://nguyenson.vn/products/banh-bao-thap-cam-trung-cut,Nguyễn Sơn Bakery,2026-04-23 09:49:48,Tên sản phẩm: Bánh Bao Thập Cẩm Trứng Cút | Giá: Liên hệ | Số lượng ảnh: 9 | Nguồn: https://nguyenson.vn/products/banh-bao-thap-cam-trung-cut
Bánh Butter Raisins,114141,,"33,000₫",33000,available,"[{""variant_name"": ""140g"", ""variant_price_text"": ""33,000₫"", ""variant_price"": 33000}]",,12,https://nguyenson.vn/products/banh-butter-raisins,Nguyễn Sơn Bakery,2026-04-23 09:49:50,"Tên sản phẩm: Bánh Butter Raisins | SKU: 114141 | Giá mặc định: 33,000₫ | Biến thể: 140g - 33,000₫ | Số lượng ảnh: 12 | Nguồn: https://nguyenson.vn/products/banh-butter-raisins"
Bánh Cake Chuối,114143,,"29,000₫",29000,available,"[{""variant_name"": ""Hộp"", ""variant_price_text"": ""29,000₫"", ""variant_price"": 29000}]",,12,https://nguyenson.vn/products/banh-cake-chuoi,Nguyễn Sơn Bakery,2026-04-23 09:49:51,"Tên sản phẩm: Bánh Cake Chuối | SKU: 114143 | Giá mặc định: 29,000₫ | Biến thể: Hộp - 29,000₫ | Số lượng ảnh: 12 | Nguồn: https://nguyenson.vn/products/banh-cake-chuoi"
Bánh chả thập cẩm,113186,,"25,000₫",25000,available,"[{""variant_name"": ""Hộp"", ""variant_price_text"": ""25,000₫"", ""variant_price"": 25000}]",,10,https://nguyenson.vn/products/banh-cha-thap-cam,Nguyễn Sơn Bakery,2026-04-23 09:49:53,"Tên sản phẩm: Bánh chả thập cẩm | SKU: 113186 | Giá mặc định: 25,000₫ | Biến thể: Hộp - 25,000₫ | Số lượng ảnh: 10 | Nguồn: https://nguyenson.vn/products/banh-cha-thap-cam"
Bánh Croissant,111100,,"19,000₫",19000,available,"[{""variant_name"": ""50g"", ""variant_price_text"": ""19,000₫"", ""variant_price"": 19000}]",,12,https://nguyenson.vn/products/banh-croissant,Nguyễn Sơn Bakery,2026-04-23 09:49:54,"Tên sản phẩm: Bánh Croissant | SKU: 111100 | Giá mặc định: 19,000₫ | Biến thể: 50g - 19,000₫ | Số lượng ảnh: 12 | Nguồn: https://nguyenson.vn/products/banh-croissant"
Bánh croissant đông lạnh,115516,,"57,000₫",57000,available,"[{""variant_name"": ""Hộp 3 chiếc"", ""variant_price_text"": ""57,000₫"", ""variant_price"": 57000}]",,12,https://nguyenson.vn/products/banh-croissant-dong-lanh,Nguyễn Sơn Bakery,2026-04-23 09:49:56,"Tên sản phẩm: Bánh croissant đông lạnh | SKU: 115516 | Giá mặc định: 57,000₫ | Biến thể: Hộp 3 chiếc - 57,000₫ | Số lượng ảnh: 12 | Nguồn: https://nguyenson.vn/products/banh-croissant-dong-lanh"
Bánh Cuộn Ruốc,111175,,"27,000₫",27000,available,"[{""variant_name"": ""Hộp"", ""variant_price_text"": ""27,000₫"", ""variant_price"": 27000}]",,12,https://nguyenson.vn/products/banh-cuon-ruoc,Nguyễn Sơn Bakery,2026-04-23 09:49:57,"Tên sản phẩm: Bánh Cuộn Ruốc | SKU: 111175 | Giá mặc định: 27,000₫ | Biến thể: Hộp - 27,000₫ | Số lượng ảnh: 12 | Nguồn: https://nguyenson.vn/products/banh-cuon-ruoc"
Bánh cuộn trà xanh,116185,,"18,000₫",18000,available,"[{""variant_name"": ""Chiếc"", ""variant_price_text"": ""18,000₫"", ""variant_price"": 18000}]",,12,https://nguyenson.vn/products/banh-cuon-tra-xanh,Nguyễn Sơn Bakery,2026-04-23 09:49:59,"Tên sản phẩm: Bánh cuộn trà xanh | SKU: 116185 | Giá mặc định: 18,000₫ | Biến thể: Chiếc - 18,000₫ | Số lượng ảnh: 12 | Nguồn: https://nguyenson.vn/products/banh-cuon-tra-xanh"
Bánh Delicacy Coconut cake,114106,,"35,000₫",35000,available,"[{""variant_name"": ""Pcs"", ""variant_price_text"": ""35,000₫"", ""variant_price"": 35000}]",,12,https://nguyenson.vn/products/banh-delicacy-coconut,Nguyễn Sơn Bakery,2026-04-23 09:50:01,"Tên sản phẩm: Bánh Delicacy Coconut cake | SKU: 114106 | Giá mặc định: 35,000₫ | Biến thể: Pcs - 35,000₫ | Số lượng ảnh: 12 | Nguồn: https://nguyenson.vn/products/banh-delicacy-coconut"
Bánh donut chocolate trắng,114160,,"17,000₫",17000,available,"[{""variant_name"": ""Hộp"", ""variant_price_text"": ""17,000₫"", ""variant_price"": 17000}]",,12,https://nguyenson.vn/products/banh-donut-hinh-hoa,Nguyễn Sơn Bakery,2026-04-23 09:50:03,"Tên sản phẩm: Bánh donut chocolate trắng | SKU: 114160 | Giá mặc định: 17,000₫ | Biến thể: Hộp - 17,000₫ | Số lượng ảnh: 12 | Nguồn: https://nguyenson.vn/products/banh-donut-hinh-hoa"
Bánh donut chocolate đen,114161,,"17,000₫",17000,available,"[{""variant_name"": ""Hộp"", ""variant_price_text"": ""17,000₫"", ""variant_price"": 17000}]",,12,https://nguyenson.vn/products/banh-donut-hinh-tim,Nguyễn Sơn Bakery,2026-04-23 09:50:04,"Tên sản phẩm: Bánh donut chocolate đen | SKU: 114161 | Giá mặc định: 17,000₫ | Biến thể: Hộp - 17,000₫ | Số lượng ảnh: 12 | Nguồn: https://nguyenson.vn/products/banh-donut-hinh-tim"
Bánh dừa nho trứng muối,110133,,"20,000₫",20000,available,"[{""variant_name"": ""Túi"", ""variant_price_text"": ""20,000₫"", ""variant_price"": 20000}]",,12,https://nguyenson.vn/products/banh-dua-nho-trung-muoi,Nguyễn Sơn Bakery,2026-04-23 09:50:06,"Tên sản phẩm: Bánh dừa nho trứng muối | SKU: 110133 | Giá mặc định: 20,000₫ | Biến thể: Túi - 20,000₫ | Số lượng ảnh: 12 | Nguồn: https://nguyenson.vn/products/banh-dua-nho-trung-muoi"
Gateaux De Basque,114109,,"21,000₫",21000,available,"[{""variant_name"": ""95g"", ""variant_price_text"": ""21,000₫"", ""variant_price"": 21000}]",,12,https://nguyenson.vn/products/banh-gateaux-de-basque-mini,Nguyễn Sơn Bakery,2026-04-23 09:50:07,"Tên sản phẩm: Gateaux De Basque | SKU: 114109 | Giá mặc định: 21,000₫ | Biến thể: 95g - 21,000₫ | Số lượng ảnh: 12 | Nguồn: https://nguyenson.vn/products/banh-gateaux-de-basque-mini"
Bánh gato cuộn vani,116186,,"16,000₫",16000,available,"[{""variant_name"": ""Chiếc"", ""variant_price_text"": ""16,000₫"", ""variant_price"": 16000}]",,12,https://nguyenson.vn/products/banh-gato-cuon,Nguyễn Sơn Bakery,2026-04-23 09:50:09,"Tên sản phẩm: Bánh gato cuộn vani | SKU: 116186 | Giá mặc định: 16,000₫ | Biến thể: Chiếc - 16,000₫ | Số lượng ảnh: 12 | Nguồn: https://nguyenson.vn/products/banh-gato-cuon"
Bánh Gato Cuộn Anh Đào,116205,,"18,000₫",18000,available,"[{""variant_name"": ""Chiếc"", ""variant_price_text"": ""18,000₫"", ""variant_price"": 18000}]",,12,https://nguyenson.vn/products/banh-gato-cuon-anh-dao,Nguyễn Sơn Bakery,2026-04-23 09:50:10,"Tên sản phẩm: Bánh Gato Cuộn Anh Đào | SKU: 116205 | Giá mặc định: 18,000₫ | Biến thể: Chiếc - 18,000₫ | Số lượng ảnh: 12 | Nguồn: https://nguyenson.vn/products/banh-gato-cuon-anh-dao"
Bánh hamburger,110120,,"16,000₫",16000,available,"[{""variant_name"": ""Túi"", ""variant_price_text"": ""16,000₫"", ""variant_price"": 16000}]",,12,https://nguyenson.vn/products/banh-hamburger-3pcs,Nguyễn Sơn Bakery,2026-04-23 09:50:12,"Tên sản phẩm: Bánh hamburger | SKU: 110120 | Giá mặc định: 16,000₫ | Biến thể: Túi - 16,000₫ | Số lượng ảnh: 12 | Nguồn: https://nguyenson.vn/products/banh-hamburger-3pcs"
Bánh khảo đậu xanh,113187,,"24,000₫",24000,available,"[{""variant_name"": ""Hộp"", ""variant_price_text"": ""24,000₫"", ""variant_price"": 24000}]",,10,https://nguyenson.vn/products/banh-khao-dau-xanh,Nguyễn Sơn Bakery,2026-04-23 09:50:13,"Tên sản phẩm: Bánh khảo đậu xanh | SKU: 113187 | Giá mặc định: 24,000₫ | Biến thể: Hộp - 24,000₫ | Số lượng ảnh: 10 | Nguồn: https://nguyenson.vn/products/banh-khao-dau-xanh"
Bánh khảo Pandan,113209,,"24,000₫",24000,available,"[{""variant_name"": ""Hộp"", ""variant_price_text"": ""24,000₫"", ""variant_price"": 24000}]",,10,https://nguyenson.vn/products/banh-khao-pandan,Nguyễn Sơn Bakery,2026-04-23 09:50:15,"Tên sản phẩm: Bánh khảo Pandan | SKU: 113209 | Giá mặc định: 24,000₫ | Biến thể: Hộp - 24,000₫ | Số lượng ảnh: 10 | Nguồn: https://nguyenson.vn/products/banh-khao-pandan"
Bánh khảo thập cẩm,113188,,"24,000₫",24000,available,"[{""variant_name"": ""Hộp"", ""variant_price_text"": ""24,000₫"", ""variant_price"": 24000}]",,10,https://nguyenson.vn/products/banh-khao-thap-cam,Nguyễn Sơn Bakery,2026-04-23 09:50:16,"Tên sản phẩm: Bánh khảo thập cẩm | SKU: 113188 | Giá mặc định: 24,000₫ | Biến thể: Hộp - 24,000₫ | Số lượng ảnh: 10 | Nguồn: https://nguyenson.vn/products/banh-khao-thap-cam"
Bánh Madeleine,114156,,"12,000₫",12000,available,"[{""variant_name"": ""Vani"", ""variant_price_text"": ""12,000₫"", ""variant_price"": 12000}]",,12,https://nguyenson.vn/products/banh-madeleine,Nguyễn Sơn Bakery,2026-04-23 09:50:18,"Tên sản phẩm: Bánh Madeleine | SKU: 114156 | Giá mặc định: 12,000₫ | Biến thể: Vani - 12,000₫ | Số lượng ảnh: 12 | Nguồn: https://nguyenson.vn/products/banh-madeleine"
Bánh Madeleine Chocolate,114155,,"12,000₫",12000,available,"[{""variant_name"": ""Chocolate"", ""variant_price_text"": ""12,000₫"", ""variant_price"": 12000}]",,12,https://nguyenson.vn/products/banh-madeleine-chocolate,Nguyễn Sơn Bakery,2026-04-23 09:50:19,"Tên sản phẩm: Bánh Madeleine Chocolate | SKU: 114155 | Giá mặc định: 12,000₫ | Biến thể: Chocolate - 12,000₫ | Số lượng ảnh: 12 | Nguồn: https://nguyenson.vn/products/banh-madeleine-chocolate"
Bánh Mỳ Hàn Quốc Mè đen,110145,,"35,000₫",35000,available,"[{""variant_name"": ""3 chiếc"", ""variant_price_text"": ""35,000₫"", ""variant_price"": 35000}]",,12,https://nguyenson.vn/products/banh-mi-han-quoc-me-den,Nguyễn Sơn Bakery,2026-04-23 09:50:20,"Tên sản phẩm: Bánh Mỳ Hàn Quốc Mè đen | SKU: 110145 | Giá mặc định: 35,000₫ | Biến thể: 3 chiếc - 35,000₫ | Số lượng ảnh: 12 | Nguồn: https://nguyenson.vn/products/banh-mi-han-quoc-me-den"
Bánh mỳ baguette,110102,,"15,000₫",15000,available,"[{""variant_name"": ""240g"", ""variant_price_text"": ""15,000₫"", ""variant_price"": 15000}]",,13,https://nguyenson.vn/products/banh-my-baguette,Nguyễn Sơn Bakery,2026-04-23 09:50:21,"Tên sản phẩm: Bánh mỳ baguette | SKU: 110102 | Giá mặc định: 15,000₫ | Biến thể: 240g - 15,000₫ | Số lượng ảnh: 13 | Nguồn: https://nguyenson.vn/products/banh-my-baguette"
Bánh mỳ Brioche,110136,,"20,000₫",20000,available,"[{""variant_name"": ""85g"", ""variant_price_text"": ""20,000₫"", ""variant_price"": 20000}]",,12,https://nguyenson.vn/products/banh-my-brioche,Nguyễn Sơn Bakery,2026-04-23 09:50:23,"Tên sản phẩm: Bánh mỳ Brioche | SKU: 110136 | Giá mặc định: 20,000₫ | Biến thể: 85g - 20,000₫ | Số lượng ảnh: 12 | Nguồn: https://nguyenson.vn/products/banh-my-brioche"
Bánh Mỳ Chuột Pate,115532,,"15,000₫",15000,available,"[{""variant_name"": ""70g"", ""variant_price_text"": ""15,000₫"", ""variant_price"": 15000}]",,12,https://nguyenson.vn/products/banh-my-chuot-pate,Nguyễn Sơn Bakery,2026-04-23 09:50:27,"Tên sản phẩm: Bánh Mỳ Chuột Pate | SKU: 115532 | Giá mặc định: 15,000₫ | Biến thể: 70g - 15,000₫ | Số lượng ảnh: 12 | Nguồn: https://nguyenson.vn/products/banh-my-chuot-pate"
Bánh mỳ đen,110105,,"15,000₫",15000,available,"[{""variant_name"": ""Default Title"", ""variant_price_text"": ""15,000₫"", ""variant_price"": 15000}]",,12,https://nguyenson.vn/products/banh-my-den,Nguyễn Sơn Bakery,2026-04-23 09:50:28,"Tên sản phẩm: Bánh mỳ đen | SKU: 110105 | Giá mặc định: 15,000₫ | Biến thể: Default Title - 15,000₫ | Số lượng ảnh: 12 | Nguồn: https://nguyenson.vn/products/banh-my-den"
Bánh mỳ gối,110161,,"25,000₫",25000,available,"[{""variant_name"": ""345g"", ""variant_price_text"": ""30,000₫"", ""variant_price"": 30000}, {""variant_name"": ""275g"", ""variant_price_text"": ""25,000₫"", ""variant_price"": 25000}]",,13,https://nguyenson.vn/products/banh-my-goi,Nguyễn Sơn Bakery,2026-04-23 09:50:30,"Tên sản phẩm: Bánh mỳ gối | SKU: 110161 | Giá mặc định: 25,000₫ | Biến thể: 345g - 30,000₫, 275g - 25,000₫ | Số lượng ảnh: 13 | Nguồn: https://nguyenson.vn/products/banh-my-goi"
Bánh mỳ gối đen,110162,,"35,000₫",35000,available,"[{""variant_name"": ""Túi"", ""variant_price_text"": ""35,000₫"", ""variant_price"": 35000}]",,13,https://nguyenson.vn/products/banh-my-goi-den,Nguyễn Sơn Bakery,2026-04-23 09:50:31,"Tên sản phẩm: Bánh mỳ gối đen | SKU: 110162 | Giá mặc định: 35,000₫ | Biến thể: Túi - 35,000₫ | Số lượng ảnh: 13 | Nguồn: https://nguyenson.vn/products/banh-my-goi-den"
Bánh mỳ hoa cúc đậu đỏ,110166,,"20,000₫",20000,available,"[{""variant_name"": ""100g"", ""variant_price_text"": ""20,000₫"", ""variant_price"": 20000}]",,12,https://nguyenson.vn/products/banh-my-hoa-cuc-dau-do,Nguyễn Sơn Bakery,2026-04-23 09:50:32,"Tên sản phẩm: Bánh mỳ hoa cúc đậu đỏ | SKU: 110166 | Giá mặc định: 20,000₫ | Biến thể: 100g - 20,000₫ | Số lượng ảnh: 12 | Nguồn: https://nguyenson.vn/products/banh-my-hoa-cuc-dau-do"
Bánh mỳ hoa cúc lá dứa,110167,,"20,000₫",20000,available,"[{""variant_name"": ""100g"", ""variant_price_text"": ""20,000₫"", ""variant_price"": 20000}]",,12,https://nguyenson.vn/products/banh-my-hoa-cuc-la-dua,Nguyễn Sơn Bakery,2026-04-23 09:50:34,"Tên sản phẩm: Bánh mỳ hoa cúc lá dứa | SKU: 110167 | Giá mặc định: 20,000₫ | Biến thể: 100g - 20,000₫ | Số lượng ảnh: 12 | Nguồn: https://nguyenson.vn/products/banh-my-hoa-cuc-la-dua"
Bánh mỳ ngũ cốc,,,Liên hệ,,contact_required,[],,12,https://nguyenson.vn/products/banh-my-ngu-coc,Nguyễn Sơn Bakery,2026-04-23 09:50:36,Tên sản phẩm: Bánh mỳ ngũ cốc | Giá: Liên hệ | Số lượng ảnh: 12 | Nguồn: https://nguyenson.vn/products/banh-my-ngu-coc
Bánh mỳ nhân xúc xích phomai,111149,,"20,000₫",20000,available,"[{""variant_name"": ""Default Title"", ""variant_price_text"": ""20,000₫"", ""variant_price"": 20000}]",,12,https://nguyenson.vn/products/banh-my-nhan-xuc-xich-phomai,Nguyễn Sơn Bakery,2026-04-23 09:50:37,"Tên sản phẩm: Bánh mỳ nhân xúc xích phomai | SKU: 111149 | Giá mặc định: 20,000₫ | Biến thể: Default Title - 20,000₫ | Số lượng ảnh: 12 | Nguồn: https://nguyenson.vn/products/banh-my-nhan-xuc-xich-phomai"
Bánh mỳ nhỏ,110100,,"3,000₫",3000,available,"[{""variant_name"": ""40g"", ""variant_price_text"": ""3,000₫"", ""variant_price"": 3000}]",,12,https://nguyenson.vn/products/banh-my-nho,Nguyễn Sơn Bakery,2026-04-23 09:50:39,"Tên sản phẩm: Bánh mỳ nhỏ | SKU: 110100 | Giá mặc định: 3,000₫ | Biến thể: 40g - 3,000₫ | Số lượng ảnh: 12 | Nguồn: https://nguyenson.vn/products/banh-my-nho"
Bánh mỳ nhỏ đông lạnh,111508,,"15,000₫",15000,available,"[{""variant_name"": ""Túi 5 chiếc"", ""variant_price_text"": ""15,000₫"", ""variant_price"": 15000}]",,12,https://nguyenson.vn/products/banh-my-nho-dong-lanh,Nguyễn Sơn Bakery,2026-04-23 09:50:42,"Tên sản phẩm: Bánh mỳ nhỏ đông lạnh | SKU: 111508 | Giá mặc định: 15,000₫ | Biến thể: Túi 5 chiếc - 15,000₫ | Số lượng ảnh: 12 | Nguồn: https://nguyenson.vn/products/banh-my-nho-dong-lanh"
Bánh Mỳ Que Nấm,115539,,"15,000₫",15000,available,"[{""variant_name"": ""65g"", ""variant_price_text"": ""15,000₫"", ""variant_price"": 15000}]",,12,https://nguyenson.vn/products/banh-my-que-nam,Nguyễn Sơn Bakery,2026-04-23 09:50:43,"Tên sản phẩm: Bánh Mỳ Que Nấm | SKU: 115539 | Giá mặc định: 15,000₫ | Biến thể: 65g - 15,000₫ | Số lượng ảnh: 12 | Nguồn: https://nguyenson.vn/products/banh-my-que-nam"
Bánh mỳ que pate,115535,,"15,000₫",15000,available,"[{""variant_name"": ""55g"", ""variant_price_text"": ""15,000₫"", ""variant_price"": 15000}]",,12,https://nguyenson.vn/products/banh-my-que-pate,Nguyễn Sơn Bakery,2026-04-23 09:50:45,"Tên sản phẩm: Bánh mỳ que pate | SKU: 115535 | Giá mặc định: 15,000₫ | Biến thể: 55g - 15,000₫ | Số lượng ảnh: 12 | Nguồn: https://nguyenson.vn/products/banh-my-que-pate"
Bánh Mỳ Que Sốt Bơ Trứng Gà Xé,115538,,"15,000₫",15000,available,"[{""variant_name"": ""65g"", ""variant_price_text"": ""15,000₫"", ""variant_price"": 15000}]",,12,https://nguyenson.vn/products/banh-my-que-sot-bo-trung-ga-xe,Nguyễn Sơn Bakery,2026-04-23 09:50:47,"Tên sản phẩm: Bánh Mỳ Que Sốt Bơ Trứng Gà Xé | SKU: 115538 | Giá mặc định: 15,000₫ | Biến thể: 65g - 15,000₫ | Số lượng ảnh: 12 | Nguồn: https://nguyenson.vn/products/banh-my-que-sot-bo-trung-ga-xe"
Bánh mỳ que xá xíu,115534,,"15,000₫",15000,available,"[{""variant_name"": ""55g"", ""variant_price_text"": ""15,000₫"", ""variant_price"": 15000}]",,12,https://nguyenson.vn/products/banh-my-que-xa-xiu-55g,Nguyễn Sơn Bakery,2026-04-23 09:50:49,"Tên sản phẩm: Bánh mỳ que xá xíu | SKU: 115534 | Giá mặc định: 15,000₫ | Biến thể: 55g - 15,000₫ | Số lượng ảnh: 12 | Nguồn: https://nguyenson.vn/products/banh-my-que-xa-xiu-55g"
Bánh mỳ ruốc,111121,,"19,000₫",19000,available,"[{""variant_name"": ""Default Title"", ""variant_price_text"": ""19,000₫"", ""variant_price"": 19000}]",,12,https://nguyenson.vn/products/banh-my-ruoc,Nguyễn Sơn Bakery,2026-04-23 09:50:50,"Tên sản phẩm: Bánh mỳ ruốc | SKU: 111121 | Giá mặc định: 19,000₫ | Biến thể: Default Title - 19,000₫ | Số lượng ảnh: 12 | Nguồn: https://nguyenson.vn/products/banh-my-ruoc"
Bánh mỳ Sandwich,110101,,"6,000₫",6000,available,"[{""variant_name"": ""100g"", ""variant_price_text"": ""6,000₫"", ""variant_price"": 6000}]",,12,https://nguyenson.vn/products/banh-my-sandwich,Nguyễn Sơn Bakery,2026-04-23 09:50:52,"Tên sản phẩm: Bánh mỳ Sandwich | SKU: 110101 | Giá mặc định: 6,000₫ | Biến thể: 100g - 6,000₫ | Số lượng ảnh: 12 | Nguồn: https://nguyenson.vn/products/banh-my-sandwich"
Bánh mỳ Sandwich đông lạnh,111511,,"18,000₫",18000,available,"[{""variant_name"": ""Túi 3 chiếc"", ""variant_price_text"": ""18,000₫"", ""variant_price"": 18000}]",,12,https://nguyenson.vn/products/banh-my-sandwich-dong-lanh,Nguyễn Sơn Bakery,2026-04-23 09:50:53,"Tên sản phẩm: Bánh mỳ Sandwich đông lạnh | SKU: 111511 | Giá mặc định: 18,000₫ | Biến thể: Túi 3 chiếc - 18,000₫ | Số lượng ảnh: 12 | Nguồn: https://nguyenson.vn/products/banh-my-sandwich-dong-lanh"
Bánh Mỳ Truyền Thống,,,Liên hệ,,contact_required,[],,9,https://nguyenson.vn/products/banh-my-truyen-thong,Nguyễn Sơn Bakery,2026-04-23 09:50:55,Tên sản phẩm: Bánh Mỳ Truyền Thống | Giá: Liên hệ | Số lượng ảnh: 9 | Nguồn: https://nguyenson.vn/products/banh-my-truyen-thong
Bánh ốc quế kem,114162,,"17,000₫",17000,available,"[{""variant_name"": ""Default Title"", ""variant_price_text"": ""17,000₫"", ""variant_price"": 17000}]",,13,https://nguyenson.vn/products/banh-oc-que-kem,Nguyễn Sơn Bakery,2026-04-23 09:50:58,"Tên sản phẩm: Bánh ốc quế kem | SKU: 114162 | Giá mặc định: 17,000₫ | Biến thể: Default Title - 17,000₫ | Số lượng ảnh: 13 | Nguồn: https://nguyenson.vn/products/banh-oc-que-kem"
Bánh Pain aux chocolate,111101,,"19,000₫",19000,available,"[{""variant_name"": ""Default Title"", ""variant_price_text"": ""19,000₫"", ""variant_price"": 19000}]",,12,https://nguyenson.vn/products/banh-pain-aux-chocolate,Nguyễn Sơn Bakery,2026-04-23 09:51:00,"Tên sản phẩm: Bánh Pain aux chocolate | SKU: 111101 | Giá mặc định: 19,000₫ | Biến thể: Default Title - 19,000₫ | Số lượng ảnh: 12 | Nguồn: https://nguyenson.vn/products/banh-pain-aux-chocolate"
Bánh Pain aux chocolate đông lạnh,111503,,"19,000₫",19000,available,"[{""variant_name"": ""Túi 1 chiếc"", ""variant_price_text"": ""19,000₫"", ""variant_price"": 19000}]",,13,https://nguyenson.vn/products/banh-pain-aux-chocolate-dong-lanh,Nguyễn Sơn Bakery,2026-04-23 09:51:01,"Tên sản phẩm: Bánh Pain aux chocolate đông lạnh | SKU: 111503 | Giá mặc định: 19,000₫ | Biến thể: Túi 1 chiếc - 19,000₫ | Số lượng ảnh: 13 | Nguồn: https://nguyenson.vn/products/banh-pain-aux-chocolate-dong-lanh"
BánhPain Aux Raisins Đông lạnh,111507,,"19,000₫",19000,available,"[{""variant_name"": ""Túi 1 chiếc"", ""variant_price_text"": ""19,000₫"", ""variant_price"": 19000}]",,12,https://nguyenson.vn/products/banh-pain-aux-raisin-dong-lanh,Nguyễn Sơn Bakery,2026-04-23 09:51:03,"Tên sản phẩm: BánhPain Aux Raisins Đông lạnh | SKU: 111507 | Giá mặc định: 19,000₫ | Biến thể: Túi 1 chiếc - 19,000₫ | Số lượng ảnh: 12 | Nguồn: https://nguyenson.vn/products/banh-pain-aux-raisin-dong-lanh"
Bánh Pain aux raisins,111102,,"19,000₫",19000,available,"[{""variant_name"": ""50g"", ""variant_price_text"": ""19,000₫"", ""variant_price"": 19000}]",,12,https://nguyenson.vn/products/banh-pain-aux-raisins,Nguyễn Sơn Bakery,2026-04-23 09:51:04,"Tên sản phẩm: Bánh Pain aux raisins | SKU: 111102 | Giá mặc định: 19,000₫ | Biến thể: 50g - 19,000₫ | Số lượng ảnh: 12 | Nguồn: https://nguyenson.vn/products/banh-pain-aux-raisins"
Bánh Paté chaud,111179,,"15,300₫",15300,available,"[{""variant_name"": ""60g"", ""variant_price_text"": ""15,300₫"", ""variant_price"": 15300}]",,12,https://nguyenson.vn/products/banh-pate-chaud,Nguyễn Sơn Bakery,2026-04-23 09:51:06,"Tên sản phẩm: Bánh Paté chaud | SKU: 111179 | Giá mặc định: 15,300₫ | Biến thể: 60g - 15,300₫ | Số lượng ảnh: 12 | Nguồn: https://nguyenson.vn/products/banh-pate-chaud"
Bánh Paté Chaud đông lạnh,115543,,"15,300₫",15300,available,"[{""variant_name"": ""60g"", ""variant_price_text"": ""15,300₫"", ""variant_price"": 15300}]",,13,https://nguyenson.vn/products/banh-pate-chaud-dong-lanh,Nguyễn Sơn Bakery,2026-04-23 09:51:07,"Tên sản phẩm: Bánh Paté Chaud đông lạnh | SKU: 115543 | Giá mặc định: 15,300₫ | Biến thể: 60g - 15,300₫ | Số lượng ảnh: 13 | Nguồn: https://nguyenson.vn/products/banh-pate-chaud-dong-lanh"
Bánh Phúc Bồn Tử Và Sữa chua,112196,,"385,000₫",385000,available,"[{""variant_name"": ""Ngọt"", ""variant_price_text"": ""385,000₫"", ""variant_price"": 385000}, {""variant_name"": ""Ngọt"", ""variant_price_text"": ""640,000₫"", ""variant_price"": 640000}]",,14,https://nguyenson.vn/products/banh-phuc-bon-tu-sua-chua,Nguyễn Sơn Bakery,2026-04-23 09:51:09,"Tên sản phẩm: Bánh Phúc Bồn Tử Và Sữa chua | SKU: 112196 | Giá mặc định: 385,000₫ | Biến thể: Ngọt - 385,000₫, Ngọt - 640,000₫ | Số lượng ảnh: 14 | Nguồn: https://nguyenson.vn/products/banh-phuc-bon-tu-sua-chua"
Quẩy,,,Liên hệ,,contact_required,[],,9,https://nguyenson.vn/products/banh-quay,Nguyễn Sơn Bakery,2026-04-23 09:51:11,Tên sản phẩm: Quẩy | Giá: Liên hệ | Số lượng ảnh: 9 | Nguồn: https://nguyenson.vn/products/banh-quay
Bánh sú dừa,113189,,"20,000₫",20000,available,"[{""variant_name"": ""Túi"", ""variant_price_text"": ""20,000₫"", ""variant_price"": 20000}]",,10,https://nguyenson.vn/products/banh-su-dua,Nguyễn Sơn Bakery,2026-04-23 09:51:12,"Tên sản phẩm: Bánh sú dừa | SKU: 113189 | Giá mặc định: 20,000₫ | Biến thể: Túi - 20,000₫ | Số lượng ảnh: 10 | Nguồn: https://nguyenson.vn/products/banh-su-dua"
Bánh trứng nhện,113160,,"35,000₫",35000,available,"[{""variant_name"": ""Hộp"", ""variant_price_text"": ""35,000₫"", ""variant_price"": 35000}]",,10,https://nguyenson.vn/products/banh-trung-nhen,Nguyễn Sơn Bakery,2026-04-23 09:51:14,"Tên sản phẩm: Bánh trứng nhện | SKU: 113160 | Giá mặc định: 35,000₫ | Biến thể: Hộp - 35,000₫ | Số lượng ảnh: 10 | Nguồn: https://nguyenson.vn/products/banh-trung-nhen"
Bánh vừng vòng truyền thống,113124,,"22,000₫",22000,available,"[{""variant_name"": ""Hộp"", ""variant_price_text"": ""22,000₫"", ""variant_price"": 22000}]",,10,https://nguyenson.vn/products/banh-vung-vong-truyen-thong,Nguyễn Sơn Bakery,2026-04-23 09:51:15,"Tên sản phẩm: Bánh vừng vòng truyền thống | SKU: 113124 | Giá mặc định: 22,000₫ | Biến thể: Hộp - 22,000₫ | Số lượng ảnh: 10 | Nguồn: https://nguyenson.vn/products/banh-vung-vong-truyen-thong"
Biscotte bơ đường,110158,,"27,000₫",27000,available,"[{""variant_name"": ""Gói"", ""variant_price_text"": ""27,000₫"", ""variant_price"": 27000}]",,12,https://nguyenson.vn/products/biscot-bo-duong,Nguyễn Sơn Bakery,2026-04-23 09:51:17,"Tên sản phẩm: Biscotte bơ đường | SKU: 110158 | Giá mặc định: 27,000₫ | Biến thể: Gói - 27,000₫ | Số lượng ảnh: 12 | Nguồn: https://nguyenson.vn/products/biscot-bo-duong"
Black Forest cake,112106,,"355,000₫",355000,available,"[{""variant_name"": ""Ngọt"", ""variant_price_text"": ""355,000₫"", ""variant_price"": 355000}, {""variant_name"": ""Ngọt"", ""variant_price_text"": ""560,000₫"", ""variant_price"": 560000}]",,14,https://nguyenson.vn/products/black-forest-cake,Nguyễn Sơn Bakery,2026-04-23 09:51:19,"Tên sản phẩm: Black Forest cake | SKU: 112106 | Giá mặc định: 355,000₫ | Biến thể: Ngọt - 355,000₫, Ngọt - 560,000₫ | Số lượng ảnh: 14 | Nguồn: https://nguyenson.vn/products/black-forest-cake"
Blueberry Cake,116198,,"45,000₫",45000,available,"[{""variant_name"": ""90g"", ""variant_price_text"": ""45,000₫"", ""variant_price"": 45000}]",,12,https://nguyenson.vn/products/blueberry-cake-1,Nguyễn Sơn Bakery,2026-04-23 09:51:21,"Tên sản phẩm: Blueberry Cake | SKU: 116198 | Giá mặc định: 45,000₫ | Biến thể: 90g - 45,000₫ | Số lượng ảnh: 12 | Nguồn: https://nguyenson.vn/products/blueberry-cake-1"
Bộ đồ ăn,,,Liên hệ,,contact_required,[],,7,https://nguyenson.vn/products/bo-do-an,Nguyễn Sơn Bakery,2026-04-23 09:51:22,Tên sản phẩm: Bộ đồ ăn | Giá: Liên hệ | Số lượng ảnh: 7 | Nguồn: https://nguyenson.vn/products/bo-do-an
Bông lan trứng muối,111171,,"32,000₫",32000,available,"[{""variant_name"": ""90g"", ""variant_price_text"": ""32,000₫"", ""variant_price"": 32000}]",,12,https://nguyenson.vn/products/bong-lan-trung-muoi,Nguyễn Sơn Bakery,2026-04-23 09:51:24,"Tên sản phẩm: Bông lan trứng muối | SKU: 111171 | Giá mặc định: 32,000₫ | Biến thể: 90g - 32,000₫ | Số lượng ảnh: 12 | Nguồn: https://nguyenson.vn/products/bong-lan-trung-muoi"
Chocolate 1,,,Liên hệ,,contact_required,[],,13,https://nguyenson.vn/products/chocolate-1,Nguyễn Sơn Bakery,2026-04-23 09:51:25,Tên sản phẩm: Chocolate 1 | Giá: Liên hệ | Số lượng ảnh: 13 | Nguồn: https://nguyenson.vn/products/chocolate-1
Chocolate 10,,,Liên hệ,,contact_required,[],,8,https://nguyenson.vn/products/chocolate-10,Nguyễn Sơn Bakery,2026-04-23 09:51:27,Tên sản phẩm: Chocolate 10 | Giá: Liên hệ | Số lượng ảnh: 8 | Nguồn: https://nguyenson.vn/products/chocolate-10
Chocolate 3,,,Liên hệ,,contact_required,[],,8,https://nguyenson.vn/products/chocolate-3,Nguyễn Sơn Bakery,2026-04-23 09:51:30,Tên sản phẩm: Chocolate 3 | Giá: Liên hệ | Số lượng ảnh: 8 | Nguồn: https://nguyenson.vn/products/chocolate-3
Chocolate 5,,,Liên hệ,,contact_required,[],,8,https://nguyenson.vn/products/chocolate-5,Nguyễn Sơn Bakery,2026-04-23 09:51:33,Tên sản phẩm: Chocolate 5 | Giá: Liên hệ | Số lượng ảnh: 8 | Nguồn: https://nguyenson.vn/products/chocolate-5
Chocolate 6,,,Liên hệ,,contact_required,[],,8,https://nguyenson.vn/products/chocolate-6,Nguyễn Sơn Bakery,2026-04-23 09:51:36,Tên sản phẩm: Chocolate 6 | Giá: Liên hệ | Số lượng ảnh: 8 | Nguồn: https://nguyenson.vn/products/chocolate-6
Chocolate 8,,,Liên hệ,,contact_required,[],,8,https://nguyenson.vn/products/chocolate-8,Nguyễn Sơn Bakery,2026-04-23 09:51:37,Tên sản phẩm: Chocolate 8 | Giá: Liên hệ | Số lượng ảnh: 8 | Nguồn: https://nguyenson.vn/products/chocolate-8
Chocolate 9,,,Liên hệ,,contact_required,[],,8,https://nguyenson.vn/products/chocolate-9,Nguyễn Sơn Bakery,2026-04-23 09:51:41,Tên sản phẩm: Chocolate 9 | Giá: Liên hệ | Số lượng ảnh: 8 | Nguồn: https://nguyenson.vn/products/chocolate-9
Chocolate & Strawberry charlotte,112113,,"365,000₫",365000,available,"[{""variant_name"": ""Ngọt"", ""variant_price_text"": ""365,000₫"", ""variant_price"": 365000}, {""variant_name"": ""Ngọt"", ""variant_price_text"": ""670,000₫"", ""variant_price"": 670000}]",,14,https://nguyenson.vn/products/chocolate-strawberry-charlotte,Nguyễn Sơn Bakery,2026-04-23 09:51:42,"Tên sản phẩm: Chocolate & Strawberry charlotte | SKU: 112113 | Giá mặc định: 365,000₫ | Biến thể: Ngọt - 365,000₫, Ngọt - 670,000₫ | Số lượng ảnh: 14 | Nguồn: https://nguyenson.vn/products/chocolate-strawberry-charlotte"
Su Kem tròn,116187,,"35,000₫",35000,available,"[{""variant_name"": ""150g"", ""variant_price_text"": ""35,000₫"", ""variant_price"": 35000}]",,13,https://nguyenson.vn/products/choux-cream,Nguyễn Sơn Bakery,2026-04-23 09:51:45,"Tên sản phẩm: Su Kem tròn | SKU: 116187 | Giá mặc định: 35,000₫ | Biến thể: 150g - 35,000₫ | Số lượng ảnh: 13 | Nguồn: https://nguyenson.vn/products/choux-cream"
Su Kem Dài,116167,,"35,000₫",35000,available,"[{""variant_name"": ""Default Title"", ""variant_price_text"": ""35,000₫"", ""variant_price"": 35000}]",,13,https://nguyenson.vn/products/choux-cream-dai,Nguyễn Sơn Bakery,2026-04-23 09:51:46,"Tên sản phẩm: Su Kem Dài | SKU: 116167 | Giá mặc định: 35,000₫ | Biến thể: Default Title - 35,000₫ | Số lượng ảnh: 13 | Nguồn: https://nguyenson.vn/products/choux-cream-dai"
Cigarette cookies,8938516386276,,"60,000₫",60000,available,"[{""variant_name"": ""120g"", ""variant_price_text"": ""60,000₫"", ""variant_price"": 60000}]",,12,https://nguyenson.vn/products/cigarette-cookies,Nguyễn Sơn Bakery,2026-04-23 09:51:48,"Tên sản phẩm: Cigarette cookies | SKU: 8938516386276 | Giá mặc định: 60,000₫ | Biến thể: 120g - 60,000₫ | Số lượng ảnh: 12 | Nguồn: https://nguyenson.vn/products/cigarette-cookies"
Coco Praline Mousse,112199,,"365,000₫",365000,available,"[{""variant_name"": ""18cm"", ""variant_price_text"": ""365,000₫"", ""variant_price"": 365000}]",,14,https://nguyenson.vn/products/coco-praline-mousse,Nguyễn Sơn Bakery,2026-04-23 09:51:49,"Tên sản phẩm: Coco Praline Mousse | SKU: 112199 | Giá mặc định: 365,000₫ | Biến thể: 18cm - 365,000₫ | Số lượng ảnh: 14 | Nguồn: https://nguyenson.vn/products/coco-praline-mousse"
Coconut Mochi,116196,,"18,000₫",18000,available,"[{""variant_name"": ""48g"", ""variant_price_text"": ""18,000₫"", ""variant_price"": 18000}]",,12,https://nguyenson.vn/products/coconut-mochi,Nguyễn Sơn Bakery,2026-04-23 09:51:51,"Tên sản phẩm: Coconut Mochi | SKU: 116196 | Giá mặc định: 18,000₫ | Biến thể: 48g - 18,000₫ | Số lượng ảnh: 12 | Nguồn: https://nguyenson.vn/products/coconut-mochi"
Coconut Rocher cookies,8938516386320,,"40,000₫",40000,available,"[{""variant_name"": ""100g"", ""variant_price_text"": ""40,000₫"", ""variant_price"": 40000}]",,12,https://nguyenson.vn/products/coconut-rocher-cookies,Nguyễn Sơn Bakery,2026-04-23 09:51:52,"Tên sản phẩm: Coconut Rocher cookies | SKU: 8938516386320 | Giá mặc định: 40,000₫ | Biến thể: 100g - 40,000₫ | Số lượng ảnh: 12 | Nguồn: https://nguyenson.vn/products/coconut-rocher-cookies"
Coconut & Strawberry charlotte,112128,,"355,000₫",355000,available,"[{""variant_name"": ""Ngọt"", ""variant_price_text"": ""355,000₫"", ""variant_price"": 355000}, {""variant_name"": ""Ngọt"", ""variant_price_text"": ""540,000₫"", ""variant_price"": 540000}]",,14,https://nguyenson.vn/products/coconut-strawberry-charlotte,Nguyễn Sơn Bakery,2026-04-23 09:51:54,"Tên sản phẩm: Coconut & Strawberry charlotte | SKU: 112128 | Giá mặc định: 355,000₫ | Biến thể: Ngọt - 355,000₫, Ngọt - 540,000₫ | Số lượng ảnh: 14 | Nguồn: https://nguyenson.vn/products/coconut-strawberry-charlotte"
Creme Caramel,114135,,"13,000₫",13000,available,"[{""variant_name"": ""Default Title"", ""variant_price_text"": ""13,000₫"", ""variant_price"": 13000}]",,12,https://nguyenson.vn/products/creme-caramel,Nguyễn Sơn Bakery,2026-04-23 09:51:55,"Tên sản phẩm: Creme Caramel | SKU: 114135 | Giá mặc định: 13,000₫ | Biến thể: Default Title - 13,000₫ | Số lượng ảnh: 12 | Nguồn: https://nguyenson.vn/products/creme-caramel"
Croissant Trứng Muối,111181,,"27,000₫",27000,available,"[{""variant_name"": ""75g"", ""variant_price_text"": ""27,000₫"", ""variant_price"": 27000}]",,12,https://nguyenson.vn/products/croissant-trung-muoi,Nguyễn Sơn Bakery,2026-04-23 09:51:58,"Tên sản phẩm: Croissant Trứng Muối | SKU: 111181 | Giá mặc định: 27,000₫ | Biến thể: 75g - 27,000₫ | Số lượng ảnh: 12 | Nguồn: https://nguyenson.vn/products/croissant-trung-muoi"
Dark chocolate cookies,8936207770007,,"60,000₫",60000,available,"[{""variant_name"": ""130g"", ""variant_price_text"": ""60,000₫"", ""variant_price"": 60000}]",,12,https://nguyenson.vn/products/dark-chocolate-cookies,Nguyễn Sơn Bakery,2026-04-23 09:52:00,"Tên sản phẩm: Dark chocolate cookies | SKU: 8936207770007 | Giá mặc định: 60,000₫ | Biến thể: 130g - 60,000₫ | Số lượng ảnh: 12 | Nguồn: https://nguyenson.vn/products/dark-chocolate-cookies"
Đế Pizza,,,Liên hệ,,contact_required,[],,9,https://nguyenson.vn/products/de-pizza-dong-lanh,Nguyễn Sơn Bakery,2026-04-23 09:52:02,Tên sản phẩm: Đế Pizza | Giá: Liên hệ | Số lượng ảnh: 9 | Nguồn: https://nguyenson.vn/products/de-pizza-dong-lanh
Delicacy coconut cookies,8938516386313,,"40,000₫",40000,available,"[{""variant_name"": ""100g"", ""variant_price_text"": ""40,000₫"", ""variant_price"": 40000}]",,12,https://nguyenson.vn/products/delicacy-coconut-cookies,Nguyễn Sơn Bakery,2026-04-23 09:52:03,"Tên sản phẩm: Delicacy coconut cookies | SKU: 8938516386313 | Giá mặc định: 40,000₫ | Biến thể: 100g - 40,000₫ | Số lượng ảnh: 12 | Nguồn: https://nguyenson.vn/products/delicacy-coconut-cookies"
Feuillete Aux Chocolat,111165,,"20,000₫",20000,available,"[{""variant_name"": ""50g"", ""variant_price_text"": ""20,000₫"", ""variant_price"": 20000}]",,12,https://nguyenson.vn/products/feuillete-au-chocolat,Nguyễn Sơn Bakery,2026-04-23 09:52:05,"Tên sản phẩm: Feuillete Aux Chocolat | SKU: 111165 | Giá mặc định: 20,000₫ | Biến thể: 50g - 20,000₫ | Số lượng ảnh: 12 | Nguồn: https://nguyenson.vn/products/feuillete-au-chocolat"
Flan Pudding Chocolate,114169,,"16,000₫",16000,available,"[{""variant_name"": ""90g"", ""variant_price_text"": ""16,000₫"", ""variant_price"": 16000}]",,12,https://nguyenson.vn/products/flan-pudding-chocolate,Nguyễn Sơn Bakery,2026-04-23 09:52:06,"Tên sản phẩm: Flan Pudding Chocolate | SKU: 114169 | Giá mặc định: 16,000₫ | Biến thể: 90g - 16,000₫ | Số lượng ảnh: 12 | Nguồn: https://nguyenson.vn/products/flan-pudding-chocolate"
Flan Pudding Trà Xanh,114170,,"16,000₫",16000,available,"[{""variant_name"": ""90g"", ""variant_price_text"": ""16,000₫"", ""variant_price"": 16000}]",,12,https://nguyenson.vn/products/flan-pudding-tra-xanh,Nguyễn Sơn Bakery,2026-04-23 09:52:08,"Tên sản phẩm: Flan Pudding Trà Xanh | SKU: 114170 | Giá mặc định: 16,000₫ | Biến thể: 90g - 16,000₫ | Số lượng ảnh: 12 | Nguồn: https://nguyenson.vn/products/flan-pudding-tra-xanh"
Green Tea Cake,116206,,"40,000₫",40000,available,"[{""variant_name"": ""75g"", ""variant_price_text"": ""40,000₫"", ""variant_price"": 40000}]",,12,https://nguyenson.vn/products/green-tea-cake-1,Nguyễn Sơn Bakery,2026-04-23 09:52:09,"Tên sản phẩm: Green Tea Cake | SKU: 116206 | Giá mặc định: 40,000₫ | Biến thể: 75g - 40,000₫ | Số lượng ảnh: 12 | Nguồn: https://nguyenson.vn/products/green-tea-cake-1"
Green tea cheese cake,112115,,"355,000₫",355000,available,"[{""variant_name"": ""Ngọt vừa"", ""variant_price_text"": ""355,000₫"", ""variant_price"": 355000}]",,14,https://nguyenson.vn/products/green-tea-cheese-cake,Nguyễn Sơn Bakery,2026-04-23 09:52:11,"Tên sản phẩm: Green tea cheese cake | SKU: 112115 | Giá mặc định: 355,000₫ | Biến thể: Ngọt vừa - 355,000₫ | Số lượng ảnh: 14 | Nguồn: https://nguyenson.vn/products/green-tea-cheese-cake"
Hawaii mousse,112114,,"365,000₫",365000,available,"[{""variant_name"": ""20 cm"", ""variant_price_text"": ""365,000₫"", ""variant_price"": 365000}, {""variant_name"": ""28 cm"", ""variant_price_text"": ""615,000₫"", ""variant_price"": 615000}]",,14,https://nguyenson.vn/products/hawaii-mousse,Nguyễn Sơn Bakery,2026-04-23 09:52:12,"Tên sản phẩm: Hawaii mousse | SKU: 112114 | Giá mặc định: 365,000₫ | Biến thể: 20 cm - 365,000₫, 28 cm - 615,000₫ | Số lượng ảnh: 14 | Nguồn: https://nguyenson.vn/products/hawaii-mousse"
Hawaii Cake Piece,116190,,"40,000₫",40000,available,"[{""variant_name"": ""90g"", ""variant_price_text"": ""40,000₫"", ""variant_price"": 40000}]",,13,https://nguyenson.vn/products/hawaii-mousse-cake-piece,Nguyễn Sơn Bakery,2026-04-23 09:52:14,"Tên sản phẩm: Hawaii Cake Piece | SKU: 116190 | Giá mặc định: 40,000₫ | Biến thể: 90g - 40,000₫ | Số lượng ảnh: 13 | Nguồn: https://nguyenson.vn/products/hawaii-mousse-cake-piece"
Hộp trung thu Bạch Liên,,,Liên hệ,,contact_required,[],,9,https://nguyenson.vn/products/hop-trung-thu-bach-lien,Nguyễn Sơn Bakery,2026-04-23 09:52:16,Tên sản phẩm: Hộp trung thu Bạch Liên | Giá: Liên hệ | Số lượng ảnh: 9 | Nguồn: https://nguyenson.vn/products/hop-trung-thu-bach-lien
Hộp trung thu Đại Cát,,,Liên hệ,,contact_required,[],,9,https://nguyenson.vn/products/hop-trung-thu-dai-cat,Nguyễn Sơn Bakery,2026-04-23 09:52:17,Tên sản phẩm: Hộp trung thu Đại Cát | Giá: Liên hệ | Số lượng ảnh: 9 | Nguồn: https://nguyenson.vn/products/hop-trung-thu-dai-cat
Hộp trung thu Hoài Cổ,,,Liên hệ,,contact_required,[],,9,https://nguyenson.vn/products/hop-trung-thu-hoai-co,Nguyễn Sơn Bakery,2026-04-23 09:52:19,Tên sản phẩm: Hộp trung thu Hoài Cổ | Giá: Liên hệ | Số lượng ảnh: 9 | Nguồn: https://nguyenson.vn/products/hop-trung-thu-hoai-co
Hộp trung thu Hội trăng rằm,,,Liên hệ,,contact_required,[],,9,https://nguyenson.vn/products/hop-trung-thu-hoi-trang-ram,Nguyễn Sơn Bakery,2026-04-23 09:52:21,Tên sản phẩm: Hộp trung thu Hội trăng rằm | Giá: Liên hệ | Số lượng ảnh: 9 | Nguồn: https://nguyenson.vn/products/hop-trung-thu-hoi-trang-ram
Hộp trung thu Lam Nguyệt,,,Liên hệ,,contact_required,[],,9,https://nguyenson.vn/products/hop-trung-thu-lam-nguyet,Nguyễn Sơn Bakery,2026-04-23 09:52:24,Tên sản phẩm: Hộp trung thu Lam Nguyệt | Giá: Liên hệ | Số lượng ảnh: 9 | Nguồn: https://nguyenson.vn/products/hop-trung-thu-lam-nguyet
Hộp trung thu Lục Bảo Ngọc,,,Liên hệ,,contact_required,[],,9,https://nguyenson.vn/products/hop-trung-thu-luc-bao-ngoc,Nguyễn Sơn Bakery,2026-04-23 09:52:25,Tên sản phẩm: Hộp trung thu Lục Bảo Ngọc | Giá: Liên hệ | Số lượng ảnh: 9 | Nguồn: https://nguyenson.vn/products/hop-trung-thu-luc-bao-ngoc
Hộp trung thu Minh Nguyệt,,,Liên hệ,,contact_required,[],,9,https://nguyenson.vn/products/hop-trung-thu-minh-nguyet,Nguyễn Sơn Bakery,2026-04-23 09:52:27,Tên sản phẩm: Hộp trung thu Minh Nguyệt | Giá: Liên hệ | Số lượng ảnh: 9 | Nguồn: https://nguyenson.vn/products/hop-trung-thu-minh-nguyet
Hộp trung thu Trăng vàng tình thân,,,Liên hệ,,contact_required,[],,9,https://nguyenson.vn/products/hop-trung-thu-trang-vang-tinh-than-1,Nguyễn Sơn Bakery,2026-04-23 09:52:28,Tên sản phẩm: Hộp trung thu Trăng vàng tình thân | Giá: Liên hệ | Số lượng ảnh: 9 | Nguồn: https://nguyenson.vn/products/hop-trung-thu-trang-vang-tinh-than-1
Kaolé cake,112198,,"365,000₫",365000,available,"[{""variant_name"": ""Ngọt vừa"", ""variant_price_text"": ""365,000₫"", ""variant_price"": 365000}, {""variant_name"": ""Ngọt vừa"", ""variant_price_text"": ""580,000₫"", ""variant_price"": 580000}]",,14,https://nguyenson.vn/products/kaole-cake,Nguyễn Sơn Bakery,2026-04-23 09:52:30,"Tên sản phẩm: Kaolé cake | SKU: 112198 | Giá mặc định: 365,000₫ | Biến thể: Ngọt vừa - 365,000₫, Ngọt vừa - 580,000₫ | Số lượng ảnh: 14 | Nguồn: https://nguyenson.vn/products/kaole-cake"
Kẹo lạc,,,Liên hệ,,contact_required,[],,10,https://nguyenson.vn/products/keo-lac,Nguyễn Sơn Bakery,2026-04-23 09:52:31,Tên sản phẩm: Kẹo lạc | Giá: Liên hệ | Số lượng ảnh: 10 | Nguồn: https://nguyenson.vn/products/keo-lac
Langue de chat cookies,8938516386245,,"60,000₫",60000,available,"[{""variant_name"": ""120g"", ""variant_price_text"": ""60,000₫"", ""variant_price"": 60000}]",,12,https://nguyenson.vn/products/langue-de-chat-cookies,Nguyễn Sơn Bakery,2026-04-23 09:52:33,"Tên sản phẩm: Langue de chat cookies | SKU: 8938516386245 | Giá mặc định: 60,000₫ | Biến thể: 120g - 60,000₫ | Số lượng ảnh: 12 | Nguồn: https://nguyenson.vn/products/langue-de-chat-cookies"
Mango Cake Piece,116193,,"40,000₫",40000,available,"[{""variant_name"": ""90g"", ""variant_price_text"": ""40,000₫"", ""variant_price"": 40000}]",,12,https://nguyenson.vn/products/mango-cake-piece,Nguyễn Sơn Bakery,2026-04-23 09:52:35,"Tên sản phẩm: Mango Cake Piece | SKU: 116193 | Giá mặc định: 40,000₫ | Biến thể: 90g - 40,000₫ | Số lượng ảnh: 12 | Nguồn: https://nguyenson.vn/products/mango-cake-piece"
Mango cheese cake,112195,,"385,000₫",385000,available,"[{""variant_name"": ""Ngọt vừa"", ""variant_price_text"": ""385,000₫"", ""variant_price"": 385000}, {""variant_name"": ""Ngọt vừa"", ""variant_price_text"": ""650,000₫"", ""variant_price"": 650000}]",,14,https://nguyenson.vn/products/mango-cheese-cake,Nguyễn Sơn Bakery,2026-04-23 09:52:36,"Tên sản phẩm: Mango cheese cake | SKU: 112195 | Giá mặc định: 385,000₫ | Biến thể: Ngọt vừa - 385,000₫, Ngọt vừa - 650,000₫ | Số lượng ảnh: 14 | Nguồn: https://nguyenson.vn/products/mango-cheese-cake"
Mango Fruit Cake,112193,,"267,750₫",267750,available,"[{""variant_name"": ""Ngọt ít"", ""variant_price_text"": ""267,750₫"", ""variant_price"": 267750}]",,14,https://nguyenson.vn/products/mango-fruit-cake,Nguyễn Sơn Bakery,2026-04-23 09:52:37,"Tên sản phẩm: Mango Fruit Cake | SKU: 112193 | Giá mặc định: 267,750₫ | Biến thể: Ngọt ít - 267,750₫ | Số lượng ảnh: 14 | Nguồn: https://nguyenson.vn/products/mango-fruit-cake"
Mango mousse,112118,,"365,000₫",365000,available,"[{""variant_name"": ""Ngọt vừa"", ""variant_price_text"": ""365,000₫"", ""variant_price"": 365000}, {""variant_name"": ""Ngọt vừa"", ""variant_price_text"": ""645,000₫"", ""variant_price"": 645000}]",,14,https://nguyenson.vn/products/mango-mousse,Nguyễn Sơn Bakery,2026-04-23 09:52:39,"Tên sản phẩm: Mango mousse | SKU: 112118 | Giá mặc định: 365,000₫ | Biến thể: Ngọt vừa - 365,000₫, Ngọt vừa - 645,000₫ | Số lượng ảnh: 14 | Nguồn: https://nguyenson.vn/products/mango-mousse"
Petit Fours Set Moka,116155,,"70,000₫",70000,available,"[{""variant_name"": ""10pcs"", ""variant_price_text"": ""70,000₫"", ""variant_price"": 70000}]",,12,https://nguyenson.vn/products/moka-set,Nguyễn Sơn Bakery,2026-04-23 09:52:40,"Tên sản phẩm: Petit Fours Set Moka | SKU: 116155 | Giá mặc định: 70,000₫ | Biến thể: 10pcs - 70,000₫ | Số lượng ảnh: 12 | Nguồn: https://nguyenson.vn/products/moka-set"
Mũ sinh nhật,,,Liên hệ,,contact_required,[],,7,https://nguyenson.vn/products/mu-sinh-nhat,Nguyễn Sơn Bakery,2026-04-23 09:52:42,Tên sản phẩm: Mũ sinh nhật | Giá: Liên hệ | Số lượng ảnh: 7 | Nguồn: https://nguyenson.vn/products/mu-sinh-nhat
Mứt bi lạc,113159,,"32,000₫",32000,available,"[{""variant_name"": ""Hộp"", ""variant_price_text"": ""32,000₫"", ""variant_price"": 32000}]",,10,https://nguyenson.vn/products/mut-bi-lac,Nguyễn Sơn Bakery,2026-04-23 09:52:44,"Tên sản phẩm: Mứt bi lạc | SKU: 113159 | Giá mặc định: 32,000₫ | Biến thể: Hộp - 32,000₫ | Số lượng ảnh: 10 | Nguồn: https://nguyenson.vn/products/mut-bi-lac"
Nến phụt,,,Liên hệ,,contact_required,[],,10,https://nguyenson.vn/products/nen-phut,Nguyễn Sơn Bakery,2026-04-23 09:52:45,Tên sản phẩm: Nến phụt | Giá: Liên hệ | Số lượng ảnh: 10 | Nguồn: https://nguyenson.vn/products/nen-phut
Nến que,,,Liên hệ,,contact_required,[],,7,https://nguyenson.vn/products/nen-que,Nguyễn Sơn Bakery,2026-04-23 09:52:47,Tên sản phẩm: Nến que | Giá: Liên hệ | Số lượng ảnh: 7 | Nguồn: https://nguyenson.vn/products/nen-que
Nến số,,,Liên hệ,,contact_required,[],,7,https://nguyenson.vn/products/nen-so,Nguyễn Sơn Bakery,2026-04-23 09:52:48,Tên sản phẩm: Nến số | Giá: Liên hệ | Số lượng ảnh: 7 | Nguồn: https://nguyenson.vn/products/nen-so
Croissant Chocolate,111180,,"27,000₫",27000,available,"[{""variant_name"": ""75g"", ""variant_price_text"": ""27,000₫"", ""variant_price"": 27000}]",,12,https://nguyenson.vn/products/nhan-ban-tu-almond-croissant,Nguyễn Sơn Bakery,2026-04-23 09:52:52,"Tên sản phẩm: Croissant Chocolate | SKU: 111180 | Giá mặc định: 27,000₫ | Biến thể: 75g - 27,000₫ | Số lượng ảnh: 12 | Nguồn: https://nguyenson.vn/products/nhan-ban-tu-almond-croissant"
Oregano stick,8938516386498,,"40,000₫",40000,available,"[{""variant_name"": ""200g"", ""variant_price_text"": ""40,000₫"", ""variant_price"": 40000}]",,12,https://nguyenson.vn/products/oregano-stick,Nguyễn Sơn Bakery,2026-04-23 09:52:53,"Tên sản phẩm: Oregano stick | SKU: 8938516386498 | Giá mặc định: 40,000₫ | Biến thể: 200g - 40,000₫ | Số lượng ảnh: 12 | Nguồn: https://nguyenson.vn/products/oregano-stick"
Palette raisins cookies,8938516386382,,"50,000₫",50000,available,"[{""variant_name"": ""130g"", ""variant_price_text"": ""50,000₫"", ""variant_price"": 50000}]",,12,https://nguyenson.vn/products/palette-raisins-cookies,Nguyễn Sơn Bakery,2026-04-23 09:52:55,"Tên sản phẩm: Palette raisins cookies | SKU: 8938516386382 | Giá mặc định: 50,000₫ | Biến thể: 130g - 50,000₫ | Số lượng ảnh: 12 | Nguồn: https://nguyenson.vn/products/palette-raisins-cookies"
Palmier cookies,8938516386368,,"50,000₫",50000,available,"[{""variant_name"": ""130g"", ""variant_price_text"": ""50,000₫"", ""variant_price"": 50000}]",,12,https://nguyenson.vn/products/palmier-cookies,Nguyễn Sơn Bakery,2026-04-23 09:52:56,"Tên sản phẩm: Palmier cookies | SKU: 8938516386368 | Giá mặc định: 50,000₫ | Biến thể: 130g - 50,000₫ | Số lượng ảnh: 12 | Nguồn: https://nguyenson.vn/products/palmier-cookies"
Passion Cake,116200,,"27,750₫",27750,available,"[{""variant_name"": ""95g"", ""variant_price_text"": ""27,750₫"", ""variant_price"": 27750}]",,12,https://nguyenson.vn/products/passion-cake,Nguyễn Sơn Bakery,2026-04-23 09:52:58,"Tên sản phẩm: Passion Cake | SKU: 116200 | Giá mặc định: 27,750₫ | Biến thể: 95g - 27,750₫ | Số lượng ảnh: 12 | Nguồn: https://nguyenson.vn/products/passion-cake"
Passion fruit & chocolate cake,112121,,"365,000₫",365000,available,"[{""variant_name"": ""Ngọt vừa"", ""variant_price_text"": ""365,000₫"", ""variant_price"": 365000}, {""variant_name"": ""Ngọt vừa"", ""variant_price_text"": ""645,000₫"", ""variant_price"": 645000}]",,14,https://nguyenson.vn/products/passion-fruit-chocolate-cake,Nguyễn Sơn Bakery,2026-04-23 09:53:00,"Tên sản phẩm: Passion fruit & chocolate cake | SKU: 112121 | Giá mặc định: 365,000₫ | Biến thể: Ngọt vừa - 365,000₫, Ngọt vừa - 645,000₫ | Số lượng ảnh: 14 | Nguồn: https://nguyenson.vn/products/passion-fruit-chocolate-cake"
Passion fruit mousse,112120,,"355,000₫",355000,available,"[{""variant_name"": ""Ngọt ít"", ""variant_price_text"": ""355,000₫"", ""variant_price"": 355000}, {""variant_name"": ""Ngọt ít"", ""variant_price_text"": ""615,000₫"", ""variant_price"": 615000}]",,15,https://nguyenson.vn/products/passion-fruit-mousse,Nguyễn Sơn Bakery,2026-04-23 09:53:02,"Tên sản phẩm: Passion fruit mousse | SKU: 112120 | Giá mặc định: 355,000₫ | Biến thể: Ngọt ít - 355,000₫, Ngọt ít - 615,000₫ | Số lượng ảnh: 15 | Nguồn: https://nguyenson.vn/products/passion-fruit-mousse"
Petit fours set dark chocolate 10pcs,116156,,"70,000₫",70000,available,"[{""variant_name"": ""10pcs"", ""variant_price_text"": ""70,000₫"", ""variant_price"": 70000}]",,12,https://nguyenson.vn/products/petit-fours-set-dark-chocolate-10pcs,Nguyễn Sơn Bakery,2026-04-23 09:53:04,"Tên sản phẩm: Petit fours set dark chocolate 10pcs | SKU: 116156 | Giá mặc định: 70,000₫ | Biến thể: 10pcs - 70,000₫ | Số lượng ảnh: 12 | Nguồn: https://nguyenson.vn/products/petit-fours-set-dark-chocolate-10pcs"
Petit fours set fruit 10pcs,,,Liên hệ,,contact_required,[],,12,https://nguyenson.vn/products/petit-fours-set-fruit-10pcs,Nguyễn Sơn Bakery,2026-04-23 09:53:05,Tên sản phẩm: Petit fours set fruit 10pcs | Giá: Liên hệ | Số lượng ảnh: 12 | Nguồn: https://nguyenson.vn/products/petit-fours-set-fruit-10pcs
Petit fours set green tea 10pcs,116157,,"70,000₫",70000,available,"[{""variant_name"": ""10pcs"", ""variant_price_text"": ""70,000₫"", ""variant_price"": 70000}]",,12,https://nguyenson.vn/products/petit-fours-set-green-tea-10pcs,Nguyễn Sơn Bakery,2026-04-23 09:53:07,"Tên sản phẩm: Petit fours set green tea 10pcs | SKU: 116157 | Giá mặc định: 70,000₫ | Biến thể: 10pcs - 70,000₫ | Số lượng ảnh: 12 | Nguồn: https://nguyenson.vn/products/petit-fours-set-green-tea-10pcs"
Petit Fours Set Mix,116160,,"70,000₫",70000,available,"[{""variant_name"": ""10pcs"", ""variant_price_text"": ""70,000₫"", ""variant_price"": 70000}]",,13,https://nguyenson.vn/products/petit-fours-set-mix,Nguyễn Sơn Bakery,2026-04-23 09:53:10,"Tên sản phẩm: Petit Fours Set Mix | SKU: 116160 | Giá mặc định: 70,000₫ | Biến thể: 10pcs - 70,000₫ | Số lượng ảnh: 13 | Nguồn: https://nguyenson.vn/products/petit-fours-set-mix"
Rainbow Cake,112200,,"285,000₫",285000,available,"[{""variant_name"": ""16 cm"", ""variant_price_text"": ""285,000₫"", ""variant_price"": 285000}]",,14,https://nguyenson.vn/products/rainbow-cake,Nguyễn Sơn Bakery,2026-04-23 09:53:11,"Tên sản phẩm: Rainbow Cake | SKU: 112200 | Giá mặc định: 285,000₫ | Biến thể: 16 cm - 285,000₫ | Số lượng ảnh: 14 | Nguồn: https://nguyenson.vn/products/rainbow-cake"
Rainbow Macaron,113122,,"60,000₫",60000,available,"[{""variant_name"": ""Hộp"", ""variant_price_text"": ""60,000₫"", ""variant_price"": 60000}]",,12,https://nguyenson.vn/products/rainbow-macaron,Nguyễn Sơn Bakery,2026-04-23 09:53:13,"Tên sản phẩm: Rainbow Macaron | SKU: 113122 | Giá mặc định: 60,000₫ | Biến thể: Hộp - 60,000₫ | Số lượng ảnh: 12 | Nguồn: https://nguyenson.vn/products/rainbow-macaron"
Red Velvet Cake,116199,,"45,000₫",45000,available,"[{""variant_name"": ""90g"", ""variant_price_text"": ""45,000₫"", ""variant_price"": 45000}]",,12,https://nguyenson.vn/products/red-velvet-cake,Nguyễn Sơn Bakery,2026-04-23 09:53:14,"Tên sản phẩm: Red Velvet Cake | SKU: 116199 | Giá mặc định: 45,000₫ | Biến thể: 90g - 45,000₫ | Số lượng ảnh: 12 | Nguồn: https://nguyenson.vn/products/red-velvet-cake"
Red velvet Cookies,8936207770083,,"60,000₫",60000,available,"[{""variant_name"": ""130g"", ""variant_price_text"": ""60,000₫"", ""variant_price"": 60000}]",,13,https://nguyenson.vn/products/red-velvet-cookies,Nguyễn Sơn Bakery,2026-04-23 09:53:16,"Tên sản phẩm: Red velvet Cookies | SKU: 8936207770083 | Giá mặc định: 60,000₫ | Biến thể: 130g - 60,000₫ | Số lượng ảnh: 13 | Nguồn: https://nguyenson.vn/products/red-velvet-cookies"
Red velvet cake,118314,,"385,000₫",385000,available,"[{""variant_name"": ""Ngọt"", ""variant_price_text"": ""385,000₫"", ""variant_price"": 385000}, {""variant_name"": ""Ngọt"", ""variant_price_text"": ""620,000₫"", ""variant_price"": 620000}]",,14,https://nguyenson.vn/products/redcovert-cake,Nguyễn Sơn Bakery,2026-04-23 09:53:17,"Tên sản phẩm: Red velvet cake | SKU: 118314 | Giá mặc định: 385,000₫ | Biến thể: Ngọt - 385,000₫, Ngọt - 620,000₫ | Số lượng ảnh: 14 | Nguồn: https://nguyenson.vn/products/redcovert-cake"
Chocolate Cake Piece,116188,,"40,000₫",40000,available,"[{""variant_name"": ""100g"", ""variant_price_text"": ""40,000₫"", ""variant_price"": 40000}]",,12,https://nguyenson.vn/products/royal-chocolate-cake-piece,Nguyễn Sơn Bakery,2026-04-23 09:53:20,"Tên sản phẩm: Chocolate Cake Piece | SKU: 116188 | Giá mặc định: 40,000₫ | Biến thể: 100g - 40,000₫ | Số lượng ảnh: 12 | Nguồn: https://nguyenson.vn/products/royal-chocolate-cake-piece"
Sablé raisin cookies,8938516386283,,"40,000₫",40000,available,"[{""variant_name"": ""130g"", ""variant_price_text"": ""40,000₫"", ""variant_price"": 40000}]",,12,https://nguyenson.vn/products/sable-raisin-cookies,Nguyễn Sơn Bakery,2026-04-23 09:53:22,"Tên sản phẩm: Sablé raisin cookies | SKU: 8938516386283 | Giá mặc định: 40,000₫ | Biến thể: 130g - 40,000₫ | Số lượng ảnh: 12 | Nguồn: https://nguyenson.vn/products/sable-raisin-cookies"
Sakura Cake,112201,,"285,000₫",285000,available,"[{""variant_name"": ""16 cm"", ""variant_price_text"": ""285,000₫"", ""variant_price"": 285000}]",,14,https://nguyenson.vn/products/sakura-cake,Nguyễn Sơn Bakery,2026-04-23 09:53:24,"Tên sản phẩm: Sakura Cake | SKU: 112201 | Giá mặc định: 285,000₫ | Biến thể: 16 cm - 285,000₫ | Số lượng ảnh: 14 | Nguồn: https://nguyenson.vn/products/sakura-cake"
Seasonal Fruit cake,112103,,"365,000₫",365000,available,"[{""variant_name"": ""Ngọt ít"", ""variant_price_text"": ""365,000₫"", ""variant_price"": 365000}, {""variant_name"": ""Ngọt ít"", ""variant_price_text"": ""635,000₫"", ""variant_price"": 635000}]",,14,https://nguyenson.vn/products/seasonal-fruit-cake,Nguyễn Sơn Bakery,2026-04-23 09:53:25,"Tên sản phẩm: Seasonal Fruit cake | SKU: 112103 | Giá mặc định: 365,000₫ | Biến thể: Ngọt ít - 365,000₫, Ngọt ít - 635,000₫ | Số lượng ảnh: 14 | Nguồn: https://nguyenson.vn/products/seasonal-fruit-cake"
Socola Cake,112191,,"355,000₫",355000,available,"[{""variant_name"": ""Ngọt"", ""variant_price_text"": ""355,000₫"", ""variant_price"": 355000}]",,14,https://nguyenson.vn/products/socola-cake,Nguyễn Sơn Bakery,2026-04-23 09:53:27,"Tên sản phẩm: Socola Cake | SKU: 112191 | Giá mặc định: 355,000₫ | Biến thể: Ngọt - 355,000₫ | Số lượng ảnh: 14 | Nguồn: https://nguyenson.vn/products/socola-cake"
Sponge cake chữ nhật,114127,,"19,000₫",19000,available,"[{""variant_name"": ""Default Title"", ""variant_price_text"": ""19,000₫"", ""variant_price"": 19000}]",,12,https://nguyenson.vn/products/spong-cake-chu-nhat,Nguyễn Sơn Bakery,2026-04-23 09:53:29,"Tên sản phẩm: Sponge cake chữ nhật | SKU: 114127 | Giá mặc định: 19,000₫ | Biến thể: Default Title - 19,000₫ | Số lượng ảnh: 12 | Nguồn: https://nguyenson.vn/products/spong-cake-chu-nhat"
Su Kem Cốm,116203,,"35,000₫",35000,available,"[{""variant_name"": ""Hộp"", ""variant_price_text"": ""35,000₫"", ""variant_price"": 35000}]",,12,https://nguyenson.vn/products/su-kem-com,Nguyễn Sơn Bakery,2026-04-23 09:53:31,"Tên sản phẩm: Su Kem Cốm | SKU: 116203 | Giá mặc định: 35,000₫ | Biến thể: Hộp - 35,000₫ | Số lượng ảnh: 12 | Nguồn: https://nguyenson.vn/products/su-kem-com"
Su Kem Khoai Môn,116204,,"17,000₫",17000,available,"[{""variant_name"": ""Hộp"", ""variant_price_text"": ""17,000₫"", ""variant_price"": 17000}]",,12,https://nguyenson.vn/products/su-kem-khoai-mon,Nguyễn Sơn Bakery,2026-04-23 09:53:33,"Tên sản phẩm: Su Kem Khoai Môn | SKU: 116204 | Giá mặc định: 17,000₫ | Biến thể: Hộp - 17,000₫ | Số lượng ảnh: 12 | Nguồn: https://nguyenson.vn/products/su-kem-khoai-mon"
Bánh Sữa chua Phô mai,112197,,"385,000₫",385000,available,"[{""variant_name"": ""Ngọt vừa"", ""variant_price_text"": ""385,000₫"", ""variant_price"": 385000}, {""variant_name"": ""Ngọt vừa"", ""variant_price_text"": ""660,000₫"", ""variant_price"": 660000}]",,14,https://nguyenson.vn/products/sua-chua-macapone-phoma,Nguyễn Sơn Bakery,2026-04-23 09:53:34,"Tên sản phẩm: Bánh Sữa chua Phô mai | SKU: 112197 | Giá mặc định: 385,000₫ | Biến thể: Ngọt vừa - 385,000₫, Ngọt vừa - 660,000₫ | Số lượng ảnh: 14 | Nguồn: https://nguyenson.vn/products/sua-chua-macapone-phoma"
Tiramisu cake,112116,,"365,000₫",365000,available,"[{""variant_name"": ""Ngọt ít"", ""variant_price_text"": ""365,000₫"", ""variant_price"": 365000}, {""variant_name"": ""Ngọt ít"", ""variant_price_text"": ""695,000₫"", ""variant_price"": 695000}]",,15,https://nguyenson.vn/products/tiramissu-cake,Nguyễn Sơn Bakery,2026-04-23 09:53:36,"Tên sản phẩm: Tiramisu cake | SKU: 112116 | Giá mặc định: 365,000₫ | Biến thể: Ngọt ít - 365,000₫, Ngọt ít - 695,000₫ | Số lượng ảnh: 15 | Nguồn: https://nguyenson.vn/products/tiramissu-cake"
Tiramisu Cake Piece,116191,,"40,000₫",40000,available,"[{""variant_name"": ""70g"", ""variant_price_text"": ""40,000₫"", ""variant_price"": 40000}]",,13,https://nguyenson.vn/products/tiramissu-cake-piece,Nguyễn Sơn Bakery,2026-04-23 09:53:37,"Tên sản phẩm: Tiramisu Cake Piece | SKU: 116191 | Giá mặc định: 40,000₫ | Biến thể: 70g - 40,000₫ | Số lượng ảnh: 13 | Nguồn: https://nguyenson.vn/products/tiramissu-cake-piece"
Tropical Forest cake,112124,,"355,000₫",355000,available,"[{""variant_name"": ""Ngọt"", ""variant_price_text"": ""355,000₫"", ""variant_price"": 355000}, {""variant_name"": ""Ngọt"", ""variant_price_text"": ""580,000₫"", ""variant_price"": 580000}]",,14,https://nguyenson.vn/products/tropical-forest-cake,Nguyễn Sơn Bakery,2026-04-23 09:53:39,"Tên sản phẩm: Tropical Forest cake | SKU: 112124 | Giá mặc định: 355,000₫ | Biến thể: Ngọt - 355,000₫, Ngọt - 580,000₫ | Số lượng ảnh: 14 | Nguồn: https://nguyenson.vn/products/tropical-forest-cake"
Vanilla Cheese Cake,112192,,"355,000₫",355000,available,"[{""variant_name"": ""Ngọt vừa"", ""variant_price_text"": ""355,000₫"", ""variant_price"": 355000}, {""variant_name"": ""Ngọt vừa"", ""variant_price_text"": ""Liên hệ"", ""variant_price"": null}]",,14,https://nguyenson.vn/products/vanilla-cheese-cake,Nguyễn Sơn Bakery,2026-04-23 09:53:40,"Tên sản phẩm: Vanilla Cheese Cake | SKU: 112192 | Giá mặc định: 355,000₫ | Biến thể: Ngọt vừa - 355,000₫, Ngọt vừa - Liên hệ | Số lượng ảnh: 14 | Nguồn: https://nguyenson.vn/products/vanilla-cheese-cake"
White cheese and caramel cake,112127,,"365,000₫",365000,available,"[{""variant_name"": ""Ngọt vừa"", ""variant_price_text"": ""365,000₫"", ""variant_price"": 365000}, {""variant_name"": ""Ngọt vừa"", ""variant_price_text"": ""650,000₫"", ""variant_price"": 650000}]",,14,https://nguyenson.vn/products/white-cheese-and-caramel-cake,Nguyễn Sơn Bakery,2026-04-23 09:53:43,"Tên sản phẩm: White cheese and caramel cake | SKU: 112127 | Giá mặc định: 365,000₫ | Biến thể: Ngọt vừa - 365,000₫, Ngọt vừa - 650,000₫ | Số lượng ảnh: 14 | Nguồn: https://nguyenson.vn/products/white-cheese-and-caramel-cake"
Yonsei Bread,111173,,"15,000₫",15000,available,"[{""variant_name"": ""60g"", ""variant_price_text"": ""15,000₫"", ""variant_price"": 15000}]",,12,https://nguyenson.vn/products/yonsei-bread,Nguyễn Sơn Bakery,2026-04-23 09:53:44,"Tên sản phẩm: Yonsei Bread | SKU: 111173 | Giá mặc định: 15,000₫ | Biến thể: 60g - 15,000₫ | Số lượng ảnh: 12 | Nguồn: https://nguyenson.vn/products/yonsei-bread"
